"feedback_id","user_id","module_name","satisfaction_rating","submitted_at","participant_code","participant_role","perceived_usefulness","perceived_ease_of_use","confidence","comments","phase","pu1","pu2","pu3","pu4","peou1","peou2","peou3","peou4","sat1","sat2","sat3","sat4"
"1",,,,"2026-07-14 09:52:13.668388","EO-01","extension_officer",,,"3",,"pre",,,,,,,,,,,,
"2",,"Overall platform","5","2026-07-14 09:53:47.862554","EO-01","extension_officer","4","4","5",,"post","4","5","4","4","2","4","4","5","4","5","5","5"
"3",,,,"2026-07-14 09:54:10.141755","EO-02","extension_officer",,,"5",,"pre",,,,,,,,,,,,
"4",,"Overall platform","4","2026-07-14 09:55:09.674523","EO-02","extension_officer","4","4","5",,"post","4","5","4","4","4","4","5","4","4","5","4","4"
"5",,,,"2026-07-14 09:55:27.412166","EO-03","extension_officer",,,"5",,"pre",,,,,,,,,,,,
"6",,"Overall platform","4","2026-07-14 09:56:32.650958","EO-03","extension_officer","5","4","5",,"post","4","5","5","5","3","5","4","4","4","5","5","4"
"7",,"Overall platform","4","2026-07-14 09:56:59.267141","FM-01","farmer","5","4","5",,"post","4","5","5","5","3","5","4","4","4","5","5","4"
"8",,"Overall platform","4","2026-07-14 09:57:06.582565","FM-01","farmer","5","4","5",,"post","4","5","5","5","3","5","4","4","4","5","5","4"
"9",,"Overall platform","4","2026-07-14 09:57:34.497396","FM-02","farmer","4","4","4",,"post","4","4","4","5","3","4","4","4","4","5","5","4"
"10",,"Overall platform","4","2026-07-14 09:57:49.45144","FM-03","farmer","4","4","4",,"post","4","4","4","5","3","4","4","4","4","5","5","4"
"11",,"Overall platform","4","2026-07-14 09:58:16.694315","FM-03","farmer","4","4","4",,"post","3","4","5","4","3","4","4","3","4","4","5","4"
"12",,"Overall platform","4","2026-07-14 09:58:27.167638","FM-04","farmer","4","4","4",,"post","3","4","5","4","3","4","4","3","4","4","5","4"
"13",,"Overall platform","4","2026-07-14 09:58:54.852242","FM-04","farmer","4","4","4",,"post","4","5","4","3","4","5","3","4","3","4","4","5"
"14",,"Overall platform","4","2026-07-14 09:59:03.476535","FM-05","farmer","4","4","4",,"post","4","5","4","3","4","5","3","4","3","4","4","5"
"15",,"Overall platform","4","2026-07-14 09:59:31.186138","FM-05","farmer","4","4","4",,"post","5","3","4","4","3","4","5","5","4","3","5","4"
"16",,,,"2026-07-14 10:25:03.455337","EO-08","extension_officer",,,"3",,"pre",,,,,,,,,,,,
"17",,"Overall platform","4","2026-07-14 10:26:19.033001","EO-08","extension_officer","4","3","4",,"post","4","3","4","4","2","4","4","3","3","4","4","4"
"18",,"Overall platform","4","2026-07-14 10:26:29.94809","EO-09","extension_officer","4","3","4",,"post","4","3","4","4","2","4","4","3","3","4","4","4"
"19",,,,"2026-07-14 10:26:37.165609","EO-09","extension_officer",,,"1",,"pre",,,,,,,,,,,,
"20",,"Overall platform","3","2026-07-14 10:30:05.7912","EO-09","extension_officer","4","3","3",,"post","3","3","4","4","3","4","3","2","3","2","3","3"
"21",,,,"2026-07-14 11:39:56.338615","EO-10","extension_officer",,,"2",,"pre",,,,,,,,,,,,
"22",,,,"2026-07-14 11:39:59.851274","EO-10","extension_officer",,,"2",,"pre",,,,,,,,,,,,
"23",,"Overall platform","4","2026-07-14 11:40:36.605672","EO-10","extension_officer","4","4","3",,"post","3","4","3","4","2","4","4","5","4","4","5","4"
"24",,"Overall platform","4","2026-07-14 11:41:34.819548","FM-12","farmer","4","4","4",,"post","4","3","4","4","2","5","4","4","3","4","3","4"
"25",,"Overall platform","4","2026-07-14 11:43:50.564283","FM-20","farmer","4","3","3",,"post","5","4","4","4","3","4","3","3","4","3","3","5"
"26",,"Overall platform","4","2026-07-14 11:44:12.819127","FM-20","farmer","4","3","3",,"post","5","4","4","4","3","4","3","3","4","3","3","5"
"27",,"Price Forecast","4","2026-07-14 11:45:24.946337","FM-19","farmer","4","3","4",,"post","4","3","5","4","2","4","4","3","3","4","4","3"
"28",,"Price Forecast","4","2026-07-14 11:45:28.032664","FM-19","farmer","4","3","4",,"post","4","3","5","4","2","4","4","3","3","4","4","3"
"29",,"Price Forecast","4","2026-07-14 11:45:38.387987","FM-18","farmer","4","3","4",,"post","4","3","5","4","2","4","4","3","3","4","4","3"
"30",,"Price Forecast","3","2026-07-14 11:45:58.539445","FM-17","farmer","4","3","4",,"post","4","3","5","4","2","4","2","3","4","3","3","3"