date,district,season,rainfall_anomaly
2015-03-01,Nyarugenge,A,0.713
2015-04-01,Nyarugenge,A,0.149
2015-05-01,Nyarugenge,A,0.351
2015-10-01,Nyarugenge,B,-0.291
2015-11-01,Nyarugenge,B,0.084
2015-12-01,Nyarugenge,B,0.279
2016-03-01,Nyarugenge,A,0.101
2016-04-01,Nyarugenge,A,0.296
2016-05-01,Nyarugenge,A,-0.707
2016-10-01,Nyarugenge,B,-0.461
2016-11-01,Nyarugenge,B,-0.608
2016-12-01,Nyarugenge,B,0.767
2017-03-01,Nyarugenge,A,0.73
2017-04-01,Nyarugenge,A,0.647
2017-05-01,Nyarugenge,A,0.467
2017-10-01,Nyarugenge,B,-0.389
2017-11-01,Nyarugenge,B,-0.172
2017-12-01,Nyarugenge,B,0.555
2018-03-01,Nyarugenge,A,-0.343
2018-04-01,Nyarugenge,A,-0.138
2018-05-01,Nyarugenge,A,0.672
2018-10-01,Nyarugenge,B,0.811
2018-11-01,Nyarugenge,B,-0.727
2018-12-01,Nyarugenge,B,-0.116
2019-03-01,Nyarugenge,A,-0.244
2019-04-01,Nyarugenge,A,0.093
2019-05-01,Nyarugenge,A,0.185
2019-10-01,Nyarugenge,B,-0.39
2019-11-01,Nyarugenge,B,-0.269
2019-12-01,Nyarugenge,B,-0.485
2020-03-01,Nyarugenge,A,0.095
2020-04-01,Nyarugenge,A,-0.187
2020-05-01,Nyarugenge,A,-0.353
2020-10-01,Nyarugenge,B,0.17
2020-11-01,Nyarugenge,B,0.413
2020-12-01,Nyarugenge,B,0.635
2021-03-01,Nyarugenge,A,-0.386
2021-04-01,Nyarugenge,A,0.011
2021-05-01,Nyarugenge,A,0.212
2021-10-01,Nyarugenge,B,-0.159
2021-11-01,Nyarugenge,B,0.311
2021-12-01,Nyarugenge,B,0.136
2022-03-01,Nyarugenge,A,0.259
2022-04-01,Nyarugenge,A,-0.332
2022-05-01,Nyarugenge,A,0.176
2022-10-01,Nyarugenge,B,-0.892
2022-11-01,Nyarugenge,B,-0.034
2022-12-01,Nyarugenge,B,-0.455
2023-03-01,Nyarugenge,A,-0.068
2023-04-01,Nyarugenge,A,0.676
2023-05-01,Nyarugenge,A,0.013
2023-10-01,Nyarugenge,B,0.058
2023-11-01,Nyarugenge,B,-0.348
2023-12-01,Nyarugenge,B,-0.571
2024-03-01,Nyarugenge,A,-0.582
2024-04-01,Nyarugenge,A,0.207
2024-05-01,Nyarugenge,A,0.425
2024-10-01,Nyarugenge,B,0.072
2024-11-01,Nyarugenge,B,-0.375
2024-12-01,Nyarugenge,B,0.37
2015-03-01,Gasabo,A,-0.807
2015-04-01,Gasabo,A,-0.385
2015-05-01,Gasabo,A,0.978
2015-10-01,Gasabo,B,0.442
2015-11-01,Gasabo,B,0.311
2015-12-01,Gasabo,B,-0.338
2016-03-01,Gasabo,A,-0.223
2016-04-01,Gasabo,A,-0.064
2016-05-01,Gasabo,A,0.3
2016-10-01,Gasabo,B,-0.285
2016-11-01,Gasabo,B,-0.288
2016-12-01,Gasabo,B,0.527
2017-03-01,Gasabo,A,-0.285
2017-04-01,Gasabo,A,0.069
2017-05-01,Gasabo,A,0.155
2017-10-01,Gasabo,B,-0.355
2017-11-01,Gasabo,B,0.071
2017-12-01,Gasabo,B,0.561
2018-03-01,Gasabo,A,0.379
2018-04-01,Gasabo,A,-0.647
2018-05-01,Gasabo,A,-0.563
2018-10-01,Gasabo,B,-0.531
2018-11-01,Gasabo,B,-0.632
2018-12-01,Gasabo,B,0.815
2019-03-01,Gasabo,A,-0.156
2019-04-01,Gasabo,A,-0.053
2019-05-01,Gasabo,A,-0.352
2019-10-01,Gasabo,B,0.331
2019-11-01,Gasabo,B,-0.524
2019-12-01,Gasabo,B,-0.072
2020-03-01,Gasabo,A,0.231
2020-04-01,Gasabo,A,0.064
2020-05-01,Gasabo,A,0.507
2020-10-01,Gasabo,B,0.276
2020-11-01,Gasabo,B,-0.001
2020-12-01,Gasabo,B,-0.657
2021-03-01,Gasabo,A,0.187
2021-04-01,Gasabo,A,-0.545
2021-05-01,Gasabo,A,-0.538
2021-10-01,Gasabo,B,0.846
2021-11-01,Gasabo,B,0.795
2021-12-01,Gasabo,B,-0.341
2022-03-01,Gasabo,A,-1.825
2022-04-01,Gasabo,A,-0.007
2022-05-01,Gasabo,A,-1.022
2022-10-01,Gasabo,B,-1.506
2022-11-01,Gasabo,B,0.07
2022-12-01,Gasabo,B,-0.163
2023-03-01,Gasabo,A,1.094
2023-04-01,Gasabo,A,0.235
2023-05-01,Gasabo,A,-0.326
2023-10-01,Gasabo,B,-0.026
2023-11-01,Gasabo,B,0.045
2023-12-01,Gasabo,B,0.324
2024-03-01,Gasabo,A,-0.38
2024-04-01,Gasabo,A,-0.506
2024-05-01,Gasabo,A,0.311
2024-10-01,Gasabo,B,-0.69
2024-11-01,Gasabo,B,-0.869
2024-12-01,Gasabo,B,0.415
2015-03-01,Kicukiro,A,-0.506
2015-04-01,Kicukiro,A,-0.543
2015-05-01,Kicukiro,A,0.318
2015-10-01,Kicukiro,B,-0.054
2015-11-01,Kicukiro,B,0.502
2015-12-01,Kicukiro,B,-0.501
2016-03-01,Kicukiro,A,-0.396
2016-04-01,Kicukiro,A,1.027
2016-05-01,Kicukiro,A,0.116
2016-10-01,Kicukiro,B,-0.225
2016-11-01,Kicukiro,B,-0.191
2016-12-01,Kicukiro,B,-0.402
2017-03-01,Kicukiro,A,-0.466
2017-04-01,Kicukiro,A,-0.593
2017-05-01,Kicukiro,A,-0.641
2017-10-01,Kicukiro,B,-0.167
2017-11-01,Kicukiro,B,0.736
2017-12-01,Kicukiro,B,-0.313
2018-03-01,Kicukiro,A,0.072
2018-04-01,Kicukiro,A,0.071
2018-05-01,Kicukiro,A,0.508
2018-10-01,Kicukiro,B,0.247
2018-11-01,Kicukiro,B,-0.709
2018-12-01,Kicukiro,B,1.86
2019-03-01,Kicukiro,A,-0.285
2019-04-01,Kicukiro,A,1.054
2019-05-01,Kicukiro,A,-0.3
2019-10-01,Kicukiro,B,-0.359
2019-11-01,Kicukiro,B,0.104
2019-12-01,Kicukiro,B,0.313
2020-03-01,Kicukiro,A,-0.076
2020-04-01,Kicukiro,A,-0.056
2020-05-01,Kicukiro,A,0.0
2020-10-01,Kicukiro,B,-0.059
2020-11-01,Kicukiro,B,-0.121
2020-12-01,Kicukiro,B,-0.359
2021-03-01,Kicukiro,A,1.064
2021-04-01,Kicukiro,A,0.301
2021-05-01,Kicukiro,A,0.375
2021-10-01,Kicukiro,B,-0.33
2021-11-01,Kicukiro,B,-1.259
2021-12-01,Kicukiro,B,-0.463
2022-03-01,Kicukiro,A,-0.386
2022-04-01,Kicukiro,A,0.478
2022-05-01,Kicukiro,A,-0.124
2022-10-01,Kicukiro,B,-0.502
2022-11-01,Kicukiro,B,-0.082
2022-12-01,Kicukiro,B,-1.861
2023-03-01,Kicukiro,A,-0.916
2023-04-01,Kicukiro,A,-0.399
2023-05-01,Kicukiro,A,-1.285
2023-10-01,Kicukiro,B,0.087
2023-11-01,Kicukiro,B,-1.358
2023-12-01,Kicukiro,B,0.437
2024-03-01,Kicukiro,A,-0.003
2024-04-01,Kicukiro,A,-0.174
2024-05-01,Kicukiro,A,1.172
2024-10-01,Kicukiro,B,-0.237
2024-11-01,Kicukiro,B,-0.551
2024-12-01,Kicukiro,B,0.33
2015-03-01,Burera,A,-0.523
2015-04-01,Burera,A,-0.267
2015-05-01,Burera,A,0.478
2015-10-01,Burera,B,-0.396
2015-11-01,Burera,B,-0.758
2015-12-01,Burera,B,0.285
2016-03-01,Burera,A,0.127
2016-04-01,Burera,A,-0.604
2016-05-01,Burera,A,0.439
2016-10-01,Burera,B,-0.557
2016-11-01,Burera,B,-0.644
2016-12-01,Burera,B,0.074
2017-03-01,Burera,A,0.61
2017-04-01,Burera,A,-0.505
2017-05-01,Burera,A,-0.006
2017-10-01,Burera,B,0.522
2017-11-01,Burera,B,-0.039
2017-12-01,Burera,B,0.556
2018-03-01,Burera,A,0.191
2018-04-01,Burera,A,0.443
2018-05-01,Burera,A,-0.664
2018-10-01,Burera,B,-0.21
2018-11-01,Burera,B,0.496
2018-12-01,Burera,B,0.487
2019-03-01,Burera,A,1.044
2019-04-01,Burera,A,-0.27
2019-05-01,Burera,A,0.121
2019-10-01,Burera,B,0.347
2019-11-01,Burera,B,-0.123
2019-12-01,Burera,B,0.623
2020-03-01,Burera,A,0.447
2020-04-01,Burera,A,-0.897
2020-05-01,Burera,A,-0.258
2020-10-01,Burera,B,-0.484
2020-11-01,Burera,B,0.283
2020-12-01,Burera,B,-0.213
2021-03-01,Burera,A,-0.401
2021-04-01,Burera,A,0.334
2021-05-01,Burera,A,0.502
2021-10-01,Burera,B,-0.101
2021-11-01,Burera,B,-0.489
2021-12-01,Burera,B,-0.438
2022-03-01,Burera,A,-1.601
2022-04-01,Burera,A,-1.511
2022-05-01,Burera,A,-0.515
2022-10-01,Burera,B,-0.094
2022-11-01,Burera,B,-0.153
2022-12-01,Burera,B,-0.155
2023-03-01,Burera,A,0.022
2023-04-01,Burera,A,-0.928
2023-05-01,Burera,A,0.153
2023-10-01,Burera,B,-0.047
2023-11-01,Burera,B,0.137
2023-12-01,Burera,B,-0.024
2024-03-01,Burera,A,-0.864
2024-04-01,Burera,A,0.047
2024-05-01,Burera,A,0.671
2024-10-01,Burera,B,0.464
2024-11-01,Burera,B,-0.028
2024-12-01,Burera,B,-0.232
2015-03-01,Gakenke,A,-0.345
2015-04-01,Gakenke,A,-0.316
2015-05-01,Gakenke,A,0.808
2015-10-01,Gakenke,B,-0.259
2015-11-01,Gakenke,B,0.136
2015-12-01,Gakenke,B,0.128
2016-03-01,Gakenke,A,0.025
2016-04-01,Gakenke,A,0.084
2016-05-01,Gakenke,A,0.242
2016-10-01,Gakenke,B,-0.051
2016-11-01,Gakenke,B,-0.118
2016-12-01,Gakenke,B,-0.309
2017-03-01,Gakenke,A,0.225
2017-04-01,Gakenke,A,-0.445
2017-05-01,Gakenke,A,-0.038
2017-10-01,Gakenke,B,0.46
2017-11-01,Gakenke,B,-0.273
2017-12-01,Gakenke,B,0.688
2018-03-01,Gakenke,A,-0.607
2018-04-01,Gakenke,A,-0.201
2018-05-01,Gakenke,A,-0.883
2018-10-01,Gakenke,B,0.352
2018-11-01,Gakenke,B,0.296
2018-12-01,Gakenke,B,0.845
2019-03-01,Gakenke,A,0.512
2019-04-01,Gakenke,A,0.131
2019-05-01,Gakenke,A,-0.214
2019-10-01,Gakenke,B,0.123
2019-11-01,Gakenke,B,0.242
2019-12-01,Gakenke,B,0.237
2020-03-01,Gakenke,A,-0.078
2020-04-01,Gakenke,A,-0.506
2020-05-01,Gakenke,A,0.241
2020-10-01,Gakenke,B,-0.026
2020-11-01,Gakenke,B,-0.224
2020-12-01,Gakenke,B,-0.355
2021-03-01,Gakenke,A,-0.162
2021-04-01,Gakenke,A,-0.44
2021-05-01,Gakenke,A,-1.025
2021-10-01,Gakenke,B,-1.812
2021-11-01,Gakenke,B,-0.457
2021-12-01,Gakenke,B,-0.337
2022-03-01,Gakenke,A,-0.408
2022-04-01,Gakenke,A,-1.284
2022-05-01,Gakenke,A,-0.636
2022-10-01,Gakenke,B,-0.664
2022-11-01,Gakenke,B,-1.723
2022-12-01,Gakenke,B,-0.685
2023-03-01,Gakenke,A,0.122
2023-04-01,Gakenke,A,0.093
2023-05-01,Gakenke,A,-0.991
2023-10-01,Gakenke,B,1.047
2023-11-01,Gakenke,B,0.223
2023-12-01,Gakenke,B,0.047
2024-03-01,Gakenke,A,0.377
2024-04-01,Gakenke,A,0.128
2024-05-01,Gakenke,A,-0.142
2024-10-01,Gakenke,B,0.119
2024-11-01,Gakenke,B,-0.025
2024-12-01,Gakenke,B,0.235
2015-03-01,Gicumbi,A,0.336
2015-04-01,Gicumbi,A,0.274
2015-05-01,Gicumbi,A,0.708
2015-10-01,Gicumbi,B,-0.771
2015-11-01,Gicumbi,B,-0.533
2015-12-01,Gicumbi,B,0.135
2016-03-01,Gicumbi,A,0.715
2016-04-01,Gicumbi,A,1.187
2016-05-01,Gicumbi,A,-0.028
2016-10-01,Gicumbi,B,0.207
2016-11-01,Gicumbi,B,-0.692
2016-12-01,Gicumbi,B,-0.148
2017-03-01,Gicumbi,A,0.562
2017-04-01,Gicumbi,A,-0.306
2017-05-01,Gicumbi,A,-0.01
2017-10-01,Gicumbi,B,-0.707
2017-11-01,Gicumbi,B,-0.166
2017-12-01,Gicumbi,B,0.205
2018-03-01,Gicumbi,A,-0.036
2018-04-01,Gicumbi,A,-0.284
2018-05-01,Gicumbi,A,0.463
2018-10-01,Gicumbi,B,0.198
2018-11-01,Gicumbi,B,0.299
2018-12-01,Gicumbi,B,-0.047
2019-03-01,Gicumbi,A,-0.009
2019-04-01,Gicumbi,A,-0.43
2019-05-01,Gicumbi,A,-0.545
2019-10-01,Gicumbi,B,-0.06
2019-11-01,Gicumbi,B,0.201
2019-12-01,Gicumbi,B,0.311
2020-03-01,Gicumbi,A,-0.11
2020-04-01,Gicumbi,A,0.877
2020-05-01,Gicumbi,A,-0.293
2020-10-01,Gicumbi,B,0.155
2020-11-01,Gicumbi,B,1.17
2020-12-01,Gicumbi,B,-0.094
2021-03-01,Gicumbi,A,-0.419
2021-04-01,Gicumbi,A,-0.034
2021-05-01,Gicumbi,A,-0.189
2021-10-01,Gicumbi,B,-0.31
2021-11-01,Gicumbi,B,0.116
2021-12-01,Gicumbi,B,-0.861
2022-03-01,Gicumbi,A,-0.035
2022-04-01,Gicumbi,A,0.164
2022-05-01,Gicumbi,A,-1.233
2022-10-01,Gicumbi,B,0.237
2022-11-01,Gicumbi,B,-1.552
2022-12-01,Gicumbi,B,0.039
2023-03-01,Gicumbi,A,-0.724
2023-04-01,Gicumbi,A,0.152
2023-05-01,Gicumbi,A,-0.497
2023-10-01,Gicumbi,B,0.093
2023-11-01,Gicumbi,B,0.176
2023-12-01,Gicumbi,B,0.024
2024-03-01,Gicumbi,A,0.164
2024-04-01,Gicumbi,A,0.646
2024-05-01,Gicumbi,A,0.644
2024-10-01,Gicumbi,B,-0.037
2024-11-01,Gicumbi,B,0.016
2024-12-01,Gicumbi,B,0.371
2015-03-01,Musanze,A,0.535
2015-04-01,Musanze,A,-0.009
2015-05-01,Musanze,A,0.642
2015-10-01,Musanze,B,-0.77
2015-11-01,Musanze,B,0.547
2015-12-01,Musanze,B,0.189
2016-03-01,Musanze,A,0.243
2016-04-01,Musanze,A,0.65
2016-05-01,Musanze,A,-0.237
2016-10-01,Musanze,B,-0.315
2016-11-01,Musanze,B,0.047
2016-12-01,Musanze,B,-0.284
2017-03-01,Musanze,A,0.134
2017-04-01,Musanze,A,-0.96
2017-05-01,Musanze,A,0.185
2017-10-01,Musanze,B,-0.262
2017-11-01,Musanze,B,0.637
2017-12-01,Musanze,B,-0.875
2018-03-01,Musanze,A,0.129
2018-04-01,Musanze,A,0.587
2018-05-01,Musanze,A,0.252
2018-10-01,Musanze,B,-0.225
2018-11-01,Musanze,B,-0.706
2018-12-01,Musanze,B,0.292
2019-03-01,Musanze,A,0.06
2019-04-01,Musanze,A,-0.753
2019-05-01,Musanze,A,-1.03
2019-10-01,Musanze,B,-0.099
2019-11-01,Musanze,B,0.494
2019-12-01,Musanze,B,0.436
2020-03-01,Musanze,A,-0.958
2020-04-01,Musanze,A,0.717
2020-05-01,Musanze,A,-0.471
2020-10-01,Musanze,B,-0.168
2020-11-01,Musanze,B,0.462
2020-12-01,Musanze,B,0.418
2021-03-01,Musanze,A,-0.265
2021-04-01,Musanze,A,-0.125
2021-05-01,Musanze,A,0.759
2021-10-01,Musanze,B,-0.295
2021-11-01,Musanze,B,-0.428
2021-12-01,Musanze,B,0.754
2022-03-01,Musanze,A,-0.309
2022-04-01,Musanze,A,-0.81
2022-05-01,Musanze,A,-1.044
2022-10-01,Musanze,B,-0.552
2022-11-01,Musanze,B,-0.584
2022-12-01,Musanze,B,-0.5
2023-03-01,Musanze,A,-0.736
2023-04-01,Musanze,A,0.989
2023-05-01,Musanze,A,-0.687
2023-10-01,Musanze,B,0.822
2023-11-01,Musanze,B,-0.461
2023-12-01,Musanze,B,-0.125
2024-03-01,Musanze,A,-0.718
2024-04-01,Musanze,A,0.55
2024-05-01,Musanze,A,-0.455
2024-10-01,Musanze,B,-0.621
2024-11-01,Musanze,B,0.224
2024-12-01,Musanze,B,0.691
2015-03-01,Rulindo,A,-0.457
2015-04-01,Rulindo,A,0.111
2015-05-01,Rulindo,A,-0.983
2015-10-01,Rulindo,B,-0.63
2015-11-01,Rulindo,B,0.408
2015-12-01,Rulindo,B,-0.282
2016-03-01,Rulindo,A,1.08
2016-04-01,Rulindo,A,0.206
2016-05-01,Rulindo,A,0.181
2016-10-01,Rulindo,B,0.832
2016-11-01,Rulindo,B,-0.261
2016-12-01,Rulindo,B,0.064
2017-03-01,Rulindo,A,1.2
2017-04-01,Rulindo,A,0.529
2017-05-01,Rulindo,A,0.399
2017-10-01,Rulindo,B,0.3
2017-11-01,Rulindo,B,-1.291
2017-12-01,Rulindo,B,0.476
2018-03-01,Rulindo,A,-1.335
2018-04-01,Rulindo,A,-0.007
2018-05-01,Rulindo,A,0.111
2018-10-01,Rulindo,B,-0.401
2018-11-01,Rulindo,B,0.405
2018-12-01,Rulindo,B,-0.039
2019-03-01,Rulindo,A,0.207
2019-04-01,Rulindo,A,0.809
2019-05-01,Rulindo,A,0.464
2019-10-01,Rulindo,B,0.377
2019-11-01,Rulindo,B,0.729
2019-12-01,Rulindo,B,0.944
2020-03-01,Rulindo,A,0.29
2020-04-01,Rulindo,A,0.112
2020-05-01,Rulindo,A,-0.355
2020-10-01,Rulindo,B,-0.541
2020-11-01,Rulindo,B,-0.191
2020-12-01,Rulindo,B,0.208
2021-03-01,Rulindo,A,-0.497
2021-04-01,Rulindo,A,-1.878
2021-05-01,Rulindo,A,-1.337
2021-10-01,Rulindo,B,0.736
2021-11-01,Rulindo,B,-0.178
2021-12-01,Rulindo,B,-1.423
2022-03-01,Rulindo,A,-1.879
2022-04-01,Rulindo,A,-0.272
2022-05-01,Rulindo,A,-0.172
2022-10-01,Rulindo,B,0.168
2022-11-01,Rulindo,B,-0.586
2022-12-01,Rulindo,B,0.005
2023-03-01,Rulindo,A,0.334
2023-04-01,Rulindo,A,0.137
2023-05-01,Rulindo,A,0.068
2023-10-01,Rulindo,B,0.686
2023-11-01,Rulindo,B,0.386
2023-12-01,Rulindo,B,0.251
2024-03-01,Rulindo,A,-0.686
2024-04-01,Rulindo,A,0.503
2024-05-01,Rulindo,A,-0.032
2024-10-01,Rulindo,B,0.479
2024-11-01,Rulindo,B,-0.023
2024-12-01,Rulindo,B,-0.216
2015-03-01,Gisagara,A,-0.307
2015-04-01,Gisagara,A,0.078
2015-05-01,Gisagara,A,0.444
2015-10-01,Gisagara,B,0.488
2015-11-01,Gisagara,B,0.763
2015-12-01,Gisagara,B,0.986
2016-03-01,Gisagara,A,-0.056
2016-04-01,Gisagara,A,0.056
2016-05-01,Gisagara,A,-0.199
2016-10-01,Gisagara,B,-0.247
2016-11-01,Gisagara,B,-0.164
2016-12-01,Gisagara,B,-0.349
2017-03-01,Gisagara,A,0.172
2017-04-01,Gisagara,A,0.629
2017-05-01,Gisagara,A,-0.596
2017-10-01,Gisagara,B,-0.219
2017-11-01,Gisagara,B,0.356
2017-12-01,Gisagara,B,-0.109
2018-03-01,Gisagara,A,-0.061
2018-04-01,Gisagara,A,0.498
2018-05-01,Gisagara,A,0.137
2018-10-01,Gisagara,B,0.23
2018-11-01,Gisagara,B,0.329
2018-12-01,Gisagara,B,0.406
2019-03-01,Gisagara,A,-0.302
2019-04-01,Gisagara,A,-0.195
2019-05-01,Gisagara,A,0.419
2019-10-01,Gisagara,B,0.291
2019-11-01,Gisagara,B,-0.975
2019-12-01,Gisagara,B,-1.17
2020-03-01,Gisagara,A,0.234
2020-04-01,Gisagara,A,0.788
2020-05-01,Gisagara,A,-0.507
2020-10-01,Gisagara,B,0.269
2020-11-01,Gisagara,B,0.163
2020-12-01,Gisagara,B,0.023
2021-03-01,Gisagara,A,-0.773
2021-04-01,Gisagara,A,-0.51
2021-05-01,Gisagara,A,0.519
2021-10-01,Gisagara,B,-0.635
2021-11-01,Gisagara,B,-0.595
2021-12-01,Gisagara,B,-0.333
2022-03-01,Gisagara,A,-1.995
2022-04-01,Gisagara,A,-0.195
2022-05-01,Gisagara,A,0.706
2022-10-01,Gisagara,B,-0.489
2022-11-01,Gisagara,B,-1.068
2022-12-01,Gisagara,B,0.426
2023-03-01,Gisagara,A,-0.426
2023-04-01,Gisagara,A,-1.236
2023-05-01,Gisagara,A,-1.401
2023-10-01,Gisagara,B,0.108
2023-11-01,Gisagara,B,-0.823
2023-12-01,Gisagara,B,0.14
2024-03-01,Gisagara,A,-0.269
2024-04-01,Gisagara,A,0.317
2024-05-01,Gisagara,A,-0.088
2024-10-01,Gisagara,B,-0.164
2024-11-01,Gisagara,B,-0.167
2024-12-01,Gisagara,B,-1.011
2015-03-01,Huye,A,0.427
2015-04-01,Huye,A,0.021
2015-05-01,Huye,A,0.696
2015-10-01,Huye,B,0.074
2015-11-01,Huye,B,-0.959
2015-12-01,Huye,B,-0.234
2016-03-01,Huye,A,0.298
2016-04-01,Huye,A,0.265
2016-05-01,Huye,A,-0.081
2016-10-01,Huye,B,-0.295
2016-11-01,Huye,B,0.438
2016-12-01,Huye,B,0.62
2017-03-01,Huye,A,-0.61
2017-04-01,Huye,A,-0.335
2017-05-01,Huye,A,-0.027
2017-10-01,Huye,B,0.306
2017-11-01,Huye,B,0.201
2017-12-01,Huye,B,0.896
2018-03-01,Huye,A,-0.485
2018-04-01,Huye,A,-0.338
2018-05-01,Huye,A,-0.714
2018-10-01,Huye,B,0.527
2018-11-01,Huye,B,0.537
2018-12-01,Huye,B,-0.514
2019-03-01,Huye,A,-0.353
2019-04-01,Huye,A,-0.122
2019-05-01,Huye,A,0.151
2019-10-01,Huye,B,0.217
2019-11-01,Huye,B,-0.381
2019-12-01,Huye,B,-0.647
2020-03-01,Huye,A,0.117
2020-04-01,Huye,A,-0.181
2020-05-01,Huye,A,0.523
2020-10-01,Huye,B,-0.345
2020-11-01,Huye,B,0.182
2020-12-01,Huye,B,0.057
2021-03-01,Huye,A,-0.228
2021-04-01,Huye,A,-1.12
2021-05-01,Huye,A,0.29
2021-10-01,Huye,B,0.07
2021-11-01,Huye,B,-0.267
2021-12-01,Huye,B,-0.229
2022-03-01,Huye,A,-0.047
2022-04-01,Huye,A,-0.392
2022-05-01,Huye,A,0.384
2022-10-01,Huye,B,0.921
2022-11-01,Huye,B,0.232
2022-12-01,Huye,B,0.22
2023-03-01,Huye,A,-0.447
2023-04-01,Huye,A,0.046
2023-05-01,Huye,A,-0.151
2023-10-01,Huye,B,-0.61
2023-11-01,Huye,B,-0.971
2023-12-01,Huye,B,-0.445
2024-03-01,Huye,A,0.428
2024-04-01,Huye,A,0.017
2024-05-01,Huye,A,0.939
2024-10-01,Huye,B,-0.821
2024-11-01,Huye,B,0.18
2024-12-01,Huye,B,0.971
2015-03-01,Kamonyi,A,-0.768
2015-04-01,Kamonyi,A,-0.012
2015-05-01,Kamonyi,A,0.04
2015-10-01,Kamonyi,B,-0.098
2015-11-01,Kamonyi,B,0.547
2015-12-01,Kamonyi,B,-0.156
2016-03-01,Kamonyi,A,0.656
2016-04-01,Kamonyi,A,-0.15
2016-05-01,Kamonyi,A,-1.211
2016-10-01,Kamonyi,B,-0.168
2016-11-01,Kamonyi,B,1.364
2016-12-01,Kamonyi,B,0.831
2017-03-01,Kamonyi,A,0.564
2017-04-01,Kamonyi,A,0.122
2017-05-01,Kamonyi,A,0.408
2017-10-01,Kamonyi,B,0.029
2017-11-01,Kamonyi,B,-0.49
2017-12-01,Kamonyi,B,-0.432
2018-03-01,Kamonyi,A,0.366
2018-04-01,Kamonyi,A,0.543
2018-05-01,Kamonyi,A,-0.551
2018-10-01,Kamonyi,B,-0.168
2018-11-01,Kamonyi,B,-0.777
2018-12-01,Kamonyi,B,-0.358
2019-03-01,Kamonyi,A,-0.843
2019-04-01,Kamonyi,A,-0.256
2019-05-01,Kamonyi,A,0.08
2019-10-01,Kamonyi,B,-0.223
2019-11-01,Kamonyi,B,-0.439
2019-12-01,Kamonyi,B,-0.522
2020-03-01,Kamonyi,A,-0.377
2020-04-01,Kamonyi,A,-0.455
2020-05-01,Kamonyi,A,0.105
2020-10-01,Kamonyi,B,-0.449
2020-11-01,Kamonyi,B,0.493
2020-12-01,Kamonyi,B,-0.073
2021-03-01,Kamonyi,A,-0.058
2021-04-01,Kamonyi,A,-0.73
2021-05-01,Kamonyi,A,-0.308
2021-10-01,Kamonyi,B,-0.745
2021-11-01,Kamonyi,B,0.063
2021-12-01,Kamonyi,B,-0.191
2022-03-01,Kamonyi,A,-0.748
2022-04-01,Kamonyi,A,-0.342
2022-05-01,Kamonyi,A,-0.504
2022-10-01,Kamonyi,B,-1.069
2022-11-01,Kamonyi,B,0.525
2022-12-01,Kamonyi,B,-0.621
2023-03-01,Kamonyi,A,0.154
2023-04-01,Kamonyi,A,0.675
2023-05-01,Kamonyi,A,-0.521
2023-10-01,Kamonyi,B,-0.635
2023-11-01,Kamonyi,B,-1.258
2023-12-01,Kamonyi,B,-0.861
2024-03-01,Kamonyi,A,-0.282
2024-04-01,Kamonyi,A,0.937
2024-05-01,Kamonyi,A,-0.318
2024-10-01,Kamonyi,B,0.336
2024-11-01,Kamonyi,B,-0.336
2024-12-01,Kamonyi,B,-0.399
2015-03-01,Muhanga,A,0.011
2015-04-01,Muhanga,A,0.013
2015-05-01,Muhanga,A,-0.381
2015-10-01,Muhanga,B,-0.844
2015-11-01,Muhanga,B,1.014
2015-12-01,Muhanga,B,0.287
2016-03-01,Muhanga,A,1.026
2016-04-01,Muhanga,A,0.568
2016-05-01,Muhanga,A,0.174
2016-10-01,Muhanga,B,0.331
2016-11-01,Muhanga,B,0.317
2016-12-01,Muhanga,B,0.308
2017-03-01,Muhanga,A,0.412
2017-04-01,Muhanga,A,-1.113
2017-05-01,Muhanga,A,0.152
2017-10-01,Muhanga,B,-0.907
2017-11-01,Muhanga,B,-0.317
2017-12-01,Muhanga,B,-0.612
2018-03-01,Muhanga,A,0.171
2018-04-01,Muhanga,A,0.613
2018-05-01,Muhanga,A,-0.283
2018-10-01,Muhanga,B,-0.384
2018-11-01,Muhanga,B,-0.208
2018-12-01,Muhanga,B,-0.501
2019-03-01,Muhanga,A,0.457
2019-04-01,Muhanga,A,0.291
2019-05-01,Muhanga,A,-0.802
2019-10-01,Muhanga,B,-0.411
2019-11-01,Muhanga,B,-0.102
2019-12-01,Muhanga,B,-0.253
2020-03-01,Muhanga,A,0.398
2020-04-01,Muhanga,A,0.162
2020-05-01,Muhanga,A,0.13
2020-10-01,Muhanga,B,0.855
2020-11-01,Muhanga,B,0.442
2020-12-01,Muhanga,B,-0.281
2021-03-01,Muhanga,A,-1.005
2021-04-01,Muhanga,A,0.754
2021-05-01,Muhanga,A,0.147
2021-10-01,Muhanga,B,-0.025
2021-11-01,Muhanga,B,-0.075
2021-12-01,Muhanga,B,-0.903
2022-03-01,Muhanga,A,-1.177
2022-04-01,Muhanga,A,-0.268
2022-05-01,Muhanga,A,0.761
2022-10-01,Muhanga,B,0.486
2022-11-01,Muhanga,B,-0.411
2022-12-01,Muhanga,B,0.155
2023-03-01,Muhanga,A,0.499
2023-04-01,Muhanga,A,0.461
2023-05-01,Muhanga,A,-1.203
2023-10-01,Muhanga,B,-0.904
2023-11-01,Muhanga,B,0.068
2023-12-01,Muhanga,B,0.136
2024-03-01,Muhanga,A,-0.541
2024-04-01,Muhanga,A,-0.184
2024-05-01,Muhanga,A,-0.201
2024-10-01,Muhanga,B,-0.094
2024-11-01,Muhanga,B,-0.284
2024-12-01,Muhanga,B,-0.884
2015-03-01,Nyamagabe,A,0.609
2015-04-01,Nyamagabe,A,-0.1
2015-05-01,Nyamagabe,A,0.374
2015-10-01,Nyamagabe,B,0.161
2015-11-01,Nyamagabe,B,-0.047
2015-12-01,Nyamagabe,B,0.395
2016-03-01,Nyamagabe,A,-0.129
2016-04-01,Nyamagabe,A,0.507
2016-05-01,Nyamagabe,A,-0.51
2016-10-01,Nyamagabe,B,0.646
2016-11-01,Nyamagabe,B,0.922
2016-12-01,Nyamagabe,B,-0.963
2017-03-01,Nyamagabe,A,0.331
2017-04-01,Nyamagabe,A,-0.34
2017-05-01,Nyamagabe,A,-0.238
2017-10-01,Nyamagabe,B,0.635
2017-11-01,Nyamagabe,B,0.519
2017-12-01,Nyamagabe,B,-0.147
2018-03-01,Nyamagabe,A,1.377
2018-04-01,Nyamagabe,A,-0.118
2018-05-01,Nyamagabe,A,-0.601
2018-10-01,Nyamagabe,B,-0.152
2018-11-01,Nyamagabe,B,-0.639
2018-12-01,Nyamagabe,B,0.629
2019-03-01,Nyamagabe,A,-0.052
2019-04-01,Nyamagabe,A,0.063
2019-05-01,Nyamagabe,A,0.261
2019-10-01,Nyamagabe,B,-0.951
2019-11-01,Nyamagabe,B,0.839
2019-12-01,Nyamagabe,B,0.066
2020-03-01,Nyamagabe,A,-0.297
2020-04-01,Nyamagabe,A,-0.089
2020-05-01,Nyamagabe,A,-0.566
2020-10-01,Nyamagabe,B,-0.402
2020-11-01,Nyamagabe,B,-0.064
2020-12-01,Nyamagabe,B,-0.826
2021-03-01,Nyamagabe,A,-0.079
2021-04-01,Nyamagabe,A,0.517
2021-05-01,Nyamagabe,A,-0.57
2021-10-01,Nyamagabe,B,-0.572
2021-11-01,Nyamagabe,B,-0.02
2021-12-01,Nyamagabe,B,-1.223
2022-03-01,Nyamagabe,A,-0.109
2022-04-01,Nyamagabe,A,0.461
2022-05-01,Nyamagabe,A,-0.333
2022-10-01,Nyamagabe,B,0.358
2022-11-01,Nyamagabe,B,-0.935
2022-12-01,Nyamagabe,B,-1.271
2023-03-01,Nyamagabe,A,-0.595
2023-04-01,Nyamagabe,A,0.506
2023-05-01,Nyamagabe,A,-0.218
2023-10-01,Nyamagabe,B,-0.049
2023-11-01,Nyamagabe,B,0.378
2023-12-01,Nyamagabe,B,1.261
2024-03-01,Nyamagabe,A,-0.026
2024-04-01,Nyamagabe,A,-0.228
2024-05-01,Nyamagabe,A,0.094
2024-10-01,Nyamagabe,B,0.429
2024-11-01,Nyamagabe,B,0.47
2024-12-01,Nyamagabe,B,0.095
2015-03-01,Nyanza,A,-0.267
2015-04-01,Nyanza,A,-0.405
2015-05-01,Nyanza,A,-0.348
2015-10-01,Nyanza,B,-0.627
2015-11-01,Nyanza,B,-0.546
2015-12-01,Nyanza,B,-0.012
2016-03-01,Nyanza,A,-1.038
2016-04-01,Nyanza,A,1.577
2016-05-01,Nyanza,A,0.559
2016-10-01,Nyanza,B,0.678
2016-11-01,Nyanza,B,0.675
2016-12-01,Nyanza,B,0.308
2017-03-01,Nyanza,A,-0.129
2017-04-01,Nyanza,A,0.852
2017-05-01,Nyanza,A,0.402
2017-10-01,Nyanza,B,0.091
2017-11-01,Nyanza,B,0.106
2017-12-01,Nyanza,B,-0.042
2018-03-01,Nyanza,A,0.505
2018-04-01,Nyanza,A,0.119
2018-05-01,Nyanza,A,0.354
2018-10-01,Nyanza,B,0.084
2018-11-01,Nyanza,B,-0.474
2018-12-01,Nyanza,B,-0.113
2019-03-01,Nyanza,A,0.726
2019-04-01,Nyanza,A,-0.23
2019-05-01,Nyanza,A,0.113
2019-10-01,Nyanza,B,-0.018
2019-11-01,Nyanza,B,-0.113
2019-12-01,Nyanza,B,-0.724
2020-03-01,Nyanza,A,0.027
2020-04-01,Nyanza,A,0.092
2020-05-01,Nyanza,A,0.471
2020-10-01,Nyanza,B,-0.19
2020-11-01,Nyanza,B,0.532
2020-12-01,Nyanza,B,-0.006
2021-03-01,Nyanza,A,-0.682
2021-04-01,Nyanza,A,-0.054
2021-05-01,Nyanza,A,0.226
2021-10-01,Nyanza,B,0.167
2021-11-01,Nyanza,B,-0.49
2021-12-01,Nyanza,B,0.385
2022-03-01,Nyanza,A,0.548
2022-04-01,Nyanza,A,-0.874
2022-05-01,Nyanza,A,-0.381
2022-10-01,Nyanza,B,-1.449
2022-11-01,Nyanza,B,-0.833
2022-12-01,Nyanza,B,-0.73
2023-03-01,Nyanza,A,-0.31
2023-04-01,Nyanza,A,-0.97
2023-05-01,Nyanza,A,-1.001
2023-10-01,Nyanza,B,0.359
2023-11-01,Nyanza,B,-0.629
2023-12-01,Nyanza,B,0.344
2024-03-01,Nyanza,A,0.838
2024-04-01,Nyanza,A,-0.222
2024-05-01,Nyanza,A,-0.574
2024-10-01,Nyanza,B,0.019
2024-11-01,Nyanza,B,0.386
2024-12-01,Nyanza,B,-1.482
2015-03-01,Nyaruguru,A,0.362
2015-04-01,Nyaruguru,A,-0.998
2015-05-01,Nyaruguru,A,-0.737
2015-10-01,Nyaruguru,B,-0.511
2015-11-01,Nyaruguru,B,-0.518
2015-12-01,Nyaruguru,B,-0.151
2016-03-01,Nyaruguru,A,-0.371
2016-04-01,Nyaruguru,A,0.284
2016-05-01,Nyaruguru,A,0.272
2016-10-01,Nyaruguru,B,-0.004
2016-11-01,Nyaruguru,B,-0.106
2016-12-01,Nyaruguru,B,-1.032
2017-03-01,Nyaruguru,A,-0.029
2017-04-01,Nyaruguru,A,-0.391
2017-05-01,Nyaruguru,A,-0.84
2017-10-01,Nyaruguru,B,-0.235
2017-11-01,Nyaruguru,B,-0.661
2017-12-01,Nyaruguru,B,0.513
2018-03-01,Nyaruguru,A,0.261
2018-04-01,Nyaruguru,A,0.395
2018-05-01,Nyaruguru,A,0.218
2018-10-01,Nyaruguru,B,0.109
2018-11-01,Nyaruguru,B,0.012
2018-12-01,Nyaruguru,B,0.099
2019-03-01,Nyaruguru,A,-0.091
2019-04-01,Nyaruguru,A,0.572
2019-05-01,Nyaruguru,A,0.522
2019-10-01,Nyaruguru,B,0.1
2019-11-01,Nyaruguru,B,0.565
2019-12-01,Nyaruguru,B,-0.812
2020-03-01,Nyaruguru,A,0.681
2020-04-01,Nyaruguru,A,0.624
2020-05-01,Nyaruguru,A,0.421
2020-10-01,Nyaruguru,B,0.473
2020-11-01,Nyaruguru,B,0.734
2020-12-01,Nyaruguru,B,0.217
2021-03-01,Nyaruguru,A,-0.02
2021-04-01,Nyaruguru,A,-0.358
2021-05-01,Nyaruguru,A,-0.373
2021-10-01,Nyaruguru,B,0.73
2021-11-01,Nyaruguru,B,-0.735
2021-12-01,Nyaruguru,B,0.042
2022-03-01,Nyaruguru,A,-0.375
2022-04-01,Nyaruguru,A,-0.218
2022-05-01,Nyaruguru,A,0.173
2022-10-01,Nyaruguru,B,-0.008
2022-11-01,Nyaruguru,B,0.549
2022-12-01,Nyaruguru,B,0.567
2023-03-01,Nyaruguru,A,-0.726
2023-04-01,Nyaruguru,A,-0.021
2023-05-01,Nyaruguru,A,-0.167
2023-10-01,Nyaruguru,B,-1.134
2023-11-01,Nyaruguru,B,0.359
2023-12-01,Nyaruguru,B,-0.57
2024-03-01,Nyaruguru,A,0.408
2024-04-01,Nyaruguru,A,-0.241
2024-05-01,Nyaruguru,A,-0.097
2024-10-01,Nyaruguru,B,-0.546
2024-11-01,Nyaruguru,B,0.688
2024-12-01,Nyaruguru,B,-0.557
2015-03-01,Ruhango,A,-0.055
2015-04-01,Ruhango,A,0.622
2015-05-01,Ruhango,A,-0.834
2015-10-01,Ruhango,B,-0.093
2015-11-01,Ruhango,B,-0.645
2015-12-01,Ruhango,B,-0.064
2016-03-01,Ruhango,A,-0.504
2016-04-01,Ruhango,A,0.096
2016-05-01,Ruhango,A,-0.36
2016-10-01,Ruhango,B,-0.116
2016-11-01,Ruhango,B,0.081
2016-12-01,Ruhango,B,0.467
2017-03-01,Ruhango,A,-0.653
2017-04-01,Ruhango,A,0.044
2017-05-01,Ruhango,A,-0.129
2017-10-01,Ruhango,B,-0.198
2017-11-01,Ruhango,B,0.352
2017-12-01,Ruhango,B,0.253
2018-03-01,Ruhango,A,-0.066
2018-04-01,Ruhango,A,0.697
2018-05-01,Ruhango,A,0.405
2018-10-01,Ruhango,B,0.158
2018-11-01,Ruhango,B,0.329
2018-12-01,Ruhango,B,0.652
2019-03-01,Ruhango,A,0.243
2019-04-01,Ruhango,A,-0.214
2019-05-01,Ruhango,A,0.85
2019-10-01,Ruhango,B,0.108
2019-11-01,Ruhango,B,-0.33
2019-12-01,Ruhango,B,0.0
2020-03-01,Ruhango,A,0.012
2020-04-01,Ruhango,A,0.119
2020-05-01,Ruhango,A,0.448
2020-10-01,Ruhango,B,0.016
2020-11-01,Ruhango,B,-0.415
2020-12-01,Ruhango,B,-0.773
2021-03-01,Ruhango,A,0.346
2021-04-01,Ruhango,A,0.007
2021-05-01,Ruhango,A,-0.203
2021-10-01,Ruhango,B,-0.233
2021-11-01,Ruhango,B,0.198
2021-12-01,Ruhango,B,-0.22
2022-03-01,Ruhango,A,-1.699
2022-04-01,Ruhango,A,-1.568
2022-05-01,Ruhango,A,0.262
2022-10-01,Ruhango,B,0.153
2022-11-01,Ruhango,B,-0.984
2022-12-01,Ruhango,B,-0.67
2023-03-01,Ruhango,A,-1.163
2023-04-01,Ruhango,A,-0.649
2023-05-01,Ruhango,A,-0.344
2023-10-01,Ruhango,B,-1.363
2023-11-01,Ruhango,B,-0.587
2023-12-01,Ruhango,B,0.968
2024-03-01,Ruhango,A,0.517
2024-04-01,Ruhango,A,0.049
2024-05-01,Ruhango,A,0.242
2024-10-01,Ruhango,B,-1.293
2024-11-01,Ruhango,B,-0.153
2024-12-01,Ruhango,B,0.157
2015-03-01,Bugesera,A,-0.308
2015-04-01,Bugesera,A,-0.021
2015-05-01,Bugesera,A,-0.29
2015-10-01,Bugesera,B,0.64
2015-11-01,Bugesera,B,-1.546
2015-12-01,Bugesera,B,-0.065
2016-03-01,Bugesera,A,-0.941
2016-04-01,Bugesera,A,-1.189
2016-05-01,Bugesera,A,-0.047
2016-10-01,Bugesera,B,-0.184
2016-11-01,Bugesera,B,0.263
2016-12-01,Bugesera,B,-0.507
2017-03-01,Bugesera,A,-0.657
2017-04-01,Bugesera,A,-0.077
2017-05-01,Bugesera,A,0.601
2017-10-01,Bugesera,B,-0.018
2017-11-01,Bugesera,B,-0.517
2017-12-01,Bugesera,B,-0.279
2018-03-01,Bugesera,A,0.246
2018-04-01,Bugesera,A,0.534
2018-05-01,Bugesera,A,-0.744
2018-10-01,Bugesera,B,0.176
2018-11-01,Bugesera,B,-0.862
2018-12-01,Bugesera,B,-0.765
2019-03-01,Bugesera,A,0.2
2019-04-01,Bugesera,A,-1.377
2019-05-01,Bugesera,A,-0.017
2019-10-01,Bugesera,B,0.325
2019-11-01,Bugesera,B,-0.184
2019-12-01,Bugesera,B,-0.177
2020-03-01,Bugesera,A,0.564
2020-04-01,Bugesera,A,-0.718
2020-05-01,Bugesera,A,-0.22
2020-10-01,Bugesera,B,-0.403
2020-11-01,Bugesera,B,-0.426
2020-12-01,Bugesera,B,0.413
2021-03-01,Bugesera,A,-0.593
2021-04-01,Bugesera,A,-0.92
2021-05-01,Bugesera,A,0.431
2021-10-01,Bugesera,B,-0.676
2021-11-01,Bugesera,B,-0.899
2021-12-01,Bugesera,B,-0.329
2022-03-01,Bugesera,A,0.075
2022-04-01,Bugesera,A,0.341
2022-05-01,Bugesera,A,-0.836
2022-10-01,Bugesera,B,-0.186
2022-11-01,Bugesera,B,-0.901
2022-12-01,Bugesera,B,-1.458
2023-03-01,Bugesera,A,-0.828
2023-04-01,Bugesera,A,-0.507
2023-05-01,Bugesera,A,-0.391
2023-10-01,Bugesera,B,-0.5
2023-11-01,Bugesera,B,0.298
2023-12-01,Bugesera,B,0.493
2024-03-01,Bugesera,A,-0.671
2024-04-01,Bugesera,A,-0.32
2024-05-01,Bugesera,A,-0.549
2024-10-01,Bugesera,B,-0.47
2024-11-01,Bugesera,B,-0.536
2024-12-01,Bugesera,B,-1.206
2015-03-01,Gatsibo,A,0.182
2015-04-01,Gatsibo,A,-0.052
2015-05-01,Gatsibo,A,-0.16
2015-10-01,Gatsibo,B,-0.498
2015-11-01,Gatsibo,B,-0.491
2015-12-01,Gatsibo,B,0.22
2016-03-01,Gatsibo,A,-0.478
2016-04-01,Gatsibo,A,-0.504
2016-05-01,Gatsibo,A,0.231
2016-10-01,Gatsibo,B,-1.242
2016-11-01,Gatsibo,B,-0.412
2016-12-01,Gatsibo,B,0.415
2017-03-01,Gatsibo,A,-0.096
2017-04-01,Gatsibo,A,-1.064
2017-05-01,Gatsibo,A,-0.632
2017-10-01,Gatsibo,B,-0.033
2017-11-01,Gatsibo,B,0.344
2017-12-01,Gatsibo,B,0.816
2018-03-01,Gatsibo,A,-0.537
2018-04-01,Gatsibo,A,-0.832
2018-05-01,Gatsibo,A,-0.126
2018-10-01,Gatsibo,B,-0.134
2018-11-01,Gatsibo,B,-0.412
2018-12-01,Gatsibo,B,-1.31
2019-03-01,Gatsibo,A,0.241
2019-04-01,Gatsibo,A,0.136
2019-05-01,Gatsibo,A,-1.491
2019-10-01,Gatsibo,B,-0.99
2019-11-01,Gatsibo,B,0.223
2019-12-01,Gatsibo,B,-0.673
2020-03-01,Gatsibo,A,-1.123
2020-04-01,Gatsibo,A,-0.753
2020-05-01,Gatsibo,A,-0.655
2020-10-01,Gatsibo,B,-0.164
2020-11-01,Gatsibo,B,-1.186
2020-12-01,Gatsibo,B,-0.075
2021-03-01,Gatsibo,A,0.121
2021-04-01,Gatsibo,A,-0.56
2021-05-01,Gatsibo,A,-1.105
2021-10-01,Gatsibo,B,-0.593
2021-11-01,Gatsibo,B,-1.144
2021-12-01,Gatsibo,B,0.121
2022-03-01,Gatsibo,A,-1.179
2022-04-01,Gatsibo,A,-0.424
2022-05-01,Gatsibo,A,-0.309
2022-10-01,Gatsibo,B,-1.745
2022-11-01,Gatsibo,B,-0.886
2022-12-01,Gatsibo,B,-0.824
2023-03-01,Gatsibo,A,-0.534
2023-04-01,Gatsibo,A,-0.446
2023-05-01,Gatsibo,A,-0.512
2023-10-01,Gatsibo,B,-0.379
2023-11-01,Gatsibo,B,-0.809
2023-12-01,Gatsibo,B,-0.618
2024-03-01,Gatsibo,A,-0.207
2024-04-01,Gatsibo,A,-0.209
2024-05-01,Gatsibo,A,0.157
2024-10-01,Gatsibo,B,-0.442
2024-11-01,Gatsibo,B,0.697
2024-12-01,Gatsibo,B,-0.525
2015-03-01,Kayonza,A,-0.483
2015-04-01,Kayonza,A,-0.193
2015-05-01,Kayonza,A,0.265
2015-10-01,Kayonza,B,-0.302
2015-11-01,Kayonza,B,-0.346
2015-12-01,Kayonza,B,0.237
2016-03-01,Kayonza,A,-0.423
2016-04-01,Kayonza,A,-0.276
2016-05-01,Kayonza,A,-0.882
2016-10-01,Kayonza,B,-0.513
2016-11-01,Kayonza,B,-1.383
2016-12-01,Kayonza,B,0.73
2017-03-01,Kayonza,A,-0.715
2017-04-01,Kayonza,A,0.174
2017-05-01,Kayonza,A,-0.54
2017-10-01,Kayonza,B,-0.005
2017-11-01,Kayonza,B,0.403
2017-12-01,Kayonza,B,-0.831
2018-03-01,Kayonza,A,-1.349
2018-04-01,Kayonza,A,0.329
2018-05-01,Kayonza,A,-0.85
2018-10-01,Kayonza,B,0.511
2018-11-01,Kayonza,B,-1.638
2018-12-01,Kayonza,B,-0.911
2019-03-01,Kayonza,A,0.26
2019-04-01,Kayonza,A,-1.179
2019-05-01,Kayonza,A,0.429
2019-10-01,Kayonza,B,-0.701
2019-11-01,Kayonza,B,-0.232
2019-12-01,Kayonza,B,-0.575
2020-03-01,Kayonza,A,-0.562
2020-04-01,Kayonza,A,0.137
2020-05-01,Kayonza,A,-0.236
2020-10-01,Kayonza,B,0.072
2020-11-01,Kayonza,B,-1.575
2020-12-01,Kayonza,B,-0.401
2021-03-01,Kayonza,A,-0.719
2021-04-01,Kayonza,A,-0.682
2021-05-01,Kayonza,A,-1.393
2021-10-01,Kayonza,B,-1.795
2021-11-01,Kayonza,B,-0.116
2021-12-01,Kayonza,B,-0.093
2022-03-01,Kayonza,A,-0.391
2022-04-01,Kayonza,A,-0.66
2022-05-01,Kayonza,A,-0.731
2022-10-01,Kayonza,B,-0.123
2022-11-01,Kayonza,B,0.145
2022-12-01,Kayonza,B,-1.619
2023-03-01,Kayonza,A,-1.139
2023-04-01,Kayonza,A,-1.448
2023-05-01,Kayonza,A,-0.122
2023-10-01,Kayonza,B,0.544
2023-11-01,Kayonza,B,-0.588
2023-12-01,Kayonza,B,0.315
2024-03-01,Kayonza,A,-1.103
2024-04-01,Kayonza,A,0.266
2024-05-01,Kayonza,A,0.065
2024-10-01,Kayonza,B,-0.324
2024-11-01,Kayonza,B,-0.684
2024-12-01,Kayonza,B,-0.609
2015-03-01,Kirehe,A,-0.183
2015-04-01,Kirehe,A,-0.747
2015-05-01,Kirehe,A,-0.827
2015-10-01,Kirehe,B,0.16
2015-11-01,Kirehe,B,-0.388
2015-12-01,Kirehe,B,-0.209
2016-03-01,Kirehe,A,0.285
2016-04-01,Kirehe,A,0.431
2016-05-01,Kirehe,A,-0.217
2016-10-01,Kirehe,B,-0.999
2016-11-01,Kirehe,B,0.664
2016-12-01,Kirehe,B,-0.02
2017-03-01,Kirehe,A,-0.773
2017-04-01,Kirehe,A,-0.725
2017-05-01,Kirehe,A,-0.281
2017-10-01,Kirehe,B,0.269
2017-11-01,Kirehe,B,-0.703
2017-12-01,Kirehe,B,-0.273
2018-03-01,Kirehe,A,-0.484
2018-04-01,Kirehe,A,-0.095
2018-05-01,Kirehe,A,-0.012
2018-10-01,Kirehe,B,-0.337
2018-11-01,Kirehe,B,0.446
2018-12-01,Kirehe,B,0.104
2019-03-01,Kirehe,A,-0.389
2019-04-01,Kirehe,A,-0.014
2019-05-01,Kirehe,A,-0.819
2019-10-01,Kirehe,B,-0.115
2019-11-01,Kirehe,B,-0.861
2019-12-01,Kirehe,B,-1.239
2020-03-01,Kirehe,A,-0.121
2020-04-01,Kirehe,A,-0.025
2020-05-01,Kirehe,A,-0.792
2020-10-01,Kirehe,B,-0.034
2020-11-01,Kirehe,B,-0.053
2020-12-01,Kirehe,B,-0.069
2021-03-01,Kirehe,A,-1.475
2021-04-01,Kirehe,A,-1.516
2021-05-01,Kirehe,A,-1.144
2021-10-01,Kirehe,B,0.275
2021-11-01,Kirehe,B,0.177
2021-12-01,Kirehe,B,0.221
2022-03-01,Kirehe,A,-0.772
2022-04-01,Kirehe,A,-1.027
2022-05-01,Kirehe,A,-2.058
2022-10-01,Kirehe,B,-0.816
2022-11-01,Kirehe,B,-0.987
2022-12-01,Kirehe,B,-0.756
2023-03-01,Kirehe,A,-0.475
2023-04-01,Kirehe,A,-0.667
2023-05-01,Kirehe,A,0.687
2023-10-01,Kirehe,B,-0.423
2023-11-01,Kirehe,B,-0.3
2023-12-01,Kirehe,B,0.25
2024-03-01,Kirehe,A,0.026
2024-04-01,Kirehe,A,0.097
2024-05-01,Kirehe,A,-0.271
2024-10-01,Kirehe,B,0.63
2024-11-01,Kirehe,B,-0.588
2024-12-01,Kirehe,B,-0.096
2015-03-01,Ngoma,A,-0.981
2015-04-01,Ngoma,A,-0.391
2015-05-01,Ngoma,A,-1.326
2015-10-01,Ngoma,B,-0.42
2015-11-01,Ngoma,B,-0.024
2015-12-01,Ngoma,B,-0.636
2016-03-01,Ngoma,A,-0.781
2016-04-01,Ngoma,A,-0.086
2016-05-01,Ngoma,A,-1.558
2016-10-01,Ngoma,B,-0.837
2016-11-01,Ngoma,B,-0.876
2016-12-01,Ngoma,B,-0.089
2017-03-01,Ngoma,A,-0.079
2017-04-01,Ngoma,A,-0.071
2017-05-01,Ngoma,A,-0.539
2017-10-01,Ngoma,B,-0.646
2017-11-01,Ngoma,B,-0.117
2017-12-01,Ngoma,B,0.283
2018-03-01,Ngoma,A,1.022
2018-04-01,Ngoma,A,-0.205
2018-05-01,Ngoma,A,-0.983
2018-10-01,Ngoma,B,-0.668
2018-11-01,Ngoma,B,0.578
2018-12-01,Ngoma,B,-0.307
2019-03-01,Ngoma,A,-0.797
2019-04-01,Ngoma,A,-0.973
2019-05-01,Ngoma,A,-0.445
2019-10-01,Ngoma,B,-0.104
2019-11-01,Ngoma,B,-0.027
2019-12-01,Ngoma,B,0.098
2020-03-01,Ngoma,A,0.073
2020-04-01,Ngoma,A,-0.151
2020-05-01,Ngoma,A,0.182
2020-10-01,Ngoma,B,-0.635
2020-11-01,Ngoma,B,-0.387
2020-12-01,Ngoma,B,-0.327
2021-03-01,Ngoma,A,-0.379
2021-04-01,Ngoma,A,-0.267
2021-05-01,Ngoma,A,0.056
2021-10-01,Ngoma,B,0.088
2021-11-01,Ngoma,B,-1.289
2021-12-01,Ngoma,B,-1.153
2022-03-01,Ngoma,A,-0.557
2022-04-01,Ngoma,A,-0.982
2022-05-01,Ngoma,A,-0.47
2022-10-01,Ngoma,B,-0.021
2022-11-01,Ngoma,B,-0.751
2022-12-01,Ngoma,B,-0.737
2023-03-01,Ngoma,A,0.303
2023-04-01,Ngoma,A,-2.674
2023-05-01,Ngoma,A,0.515
2023-10-01,Ngoma,B,-0.49
2023-11-01,Ngoma,B,-0.643
2023-12-01,Ngoma,B,-0.279
2024-03-01,Ngoma,A,-0.436
2024-04-01,Ngoma,A,-0.687
2024-05-01,Ngoma,A,-0.433
2024-10-01,Ngoma,B,-0.864
2024-11-01,Ngoma,B,0.066
2024-12-01,Ngoma,B,-1.475
2015-03-01,Nyagatare,A,0.485
2015-04-01,Nyagatare,A,0.263
2015-05-01,Nyagatare,A,-0.514
2015-10-01,Nyagatare,B,0.222
2015-11-01,Nyagatare,B,-0.894
2015-12-01,Nyagatare,B,-0.247
2016-03-01,Nyagatare,A,-0.268
2016-04-01,Nyagatare,A,-0.557
2016-05-01,Nyagatare,A,-0.433
2016-10-01,Nyagatare,B,-1.071
2016-11-01,Nyagatare,B,-0.259
2016-12-01,Nyagatare,B,0.411
2017-03-01,Nyagatare,A,-0.597
2017-04-01,Nyagatare,A,-0.829
2017-05-01,Nyagatare,A,-0.721
2017-10-01,Nyagatare,B,-0.557
2017-11-01,Nyagatare,B,-0.241
2017-12-01,Nyagatare,B,0.461
2018-03-01,Nyagatare,A,0.09
2018-04-01,Nyagatare,A,-0.433
2018-05-01,Nyagatare,A,-0.594
2018-10-01,Nyagatare,B,-0.494
2018-11-01,Nyagatare,B,-0.518
2018-12-01,Nyagatare,B,-0.227
2019-03-01,Nyagatare,A,0.598
2019-04-01,Nyagatare,A,-0.785
2019-05-01,Nyagatare,A,-0.813
2019-10-01,Nyagatare,B,-0.451
2019-11-01,Nyagatare,B,0.077
2019-12-01,Nyagatare,B,-0.036
2020-03-01,Nyagatare,A,-0.679
2020-04-01,Nyagatare,A,0.05
2020-05-01,Nyagatare,A,0.343
2020-10-01,Nyagatare,B,-0.371
2020-11-01,Nyagatare,B,-0.95
2020-12-01,Nyagatare,B,0.126
2021-03-01,Nyagatare,A,0.148
2021-04-01,Nyagatare,A,-0.184
2021-05-01,Nyagatare,A,-0.308
2021-10-01,Nyagatare,B,-0.283
2021-11-01,Nyagatare,B,-0.641
2021-12-01,Nyagatare,B,0.002
2022-03-01,Nyagatare,A,-0.297
2022-04-01,Nyagatare,A,-0.78
2022-05-01,Nyagatare,A,-1.03
2022-10-01,Nyagatare,B,-0.706
2022-11-01,Nyagatare,B,-0.514
2022-12-01,Nyagatare,B,-0.743
2023-03-01,Nyagatare,A,-1.55
2023-04-01,Nyagatare,A,-1.286
2023-05-01,Nyagatare,A,-0.23
2023-10-01,Nyagatare,B,-1.149
2023-11-01,Nyagatare,B,0.57
2023-12-01,Nyagatare,B,-0.434
2024-03-01,Nyagatare,A,-0.973
2024-04-01,Nyagatare,A,0.551
2024-05-01,Nyagatare,A,0.659
2024-10-01,Nyagatare,B,-1.163
2024-11-01,Nyagatare,B,0.804
2024-12-01,Nyagatare,B,-1.258
2015-03-01,Rwamagana,A,0.154
2015-04-01,Rwamagana,A,0.073
2015-05-01,Rwamagana,A,-0.839
2015-10-01,Rwamagana,B,-0.571
2015-11-01,Rwamagana,B,-0.472
2015-12-01,Rwamagana,B,0.604
2016-03-01,Rwamagana,A,-1.471
2016-04-01,Rwamagana,A,-0.076
2016-05-01,Rwamagana,A,-0.224
2016-10-01,Rwamagana,B,-0.749
2016-11-01,Rwamagana,B,-0.581
2016-12-01,Rwamagana,B,-0.063
2017-03-01,Rwamagana,A,0.162
2017-04-01,Rwamagana,A,-1.232
2017-05-01,Rwamagana,A,-0.236
2017-10-01,Rwamagana,B,0.41
2017-11-01,Rwamagana,B,-0.778
2017-12-01,Rwamagana,B,-0.909
2018-03-01,Rwamagana,A,0.175
2018-04-01,Rwamagana,A,-0.483
2018-05-01,Rwamagana,A,0.24
2018-10-01,Rwamagana,B,-0.51
2018-11-01,Rwamagana,B,-0.085
2018-12-01,Rwamagana,B,-0.237
2019-03-01,Rwamagana,A,-0.359
2019-04-01,Rwamagana,A,-0.714
2019-05-01,Rwamagana,A,-0.335
2019-10-01,Rwamagana,B,-0.002
2019-11-01,Rwamagana,B,-0.138
2019-12-01,Rwamagana,B,0.697
2020-03-01,Rwamagana,A,-0.433
2020-04-01,Rwamagana,A,-0.066
2020-05-01,Rwamagana,A,0.152
2020-10-01,Rwamagana,B,-0.813
2020-11-01,Rwamagana,B,-0.452
2020-12-01,Rwamagana,B,0.255
2021-03-01,Rwamagana,A,-0.716
2021-04-01,Rwamagana,A,-0.913
2021-05-01,Rwamagana,A,0.351
2021-10-01,Rwamagana,B,-1.4
2021-11-01,Rwamagana,B,-0.878
2021-12-01,Rwamagana,B,-1.143
2022-03-01,Rwamagana,A,-0.602
2022-04-01,Rwamagana,A,-1.928
2022-05-01,Rwamagana,A,-0.985
2022-10-01,Rwamagana,B,0.167
2022-11-01,Rwamagana,B,0.063
2022-12-01,Rwamagana,B,-0.568
2023-03-01,Rwamagana,A,0.05
2023-04-01,Rwamagana,A,-1.232
2023-05-01,Rwamagana,A,-3.082
2023-10-01,Rwamagana,B,-1.678
2023-11-01,Rwamagana,B,-1.258
2023-12-01,Rwamagana,B,-1.019
2024-03-01,Rwamagana,A,-0.471
2024-04-01,Rwamagana,A,0.373
2024-05-01,Rwamagana,A,-0.805
2024-10-01,Rwamagana,B,0.05
2024-11-01,Rwamagana,B,-1.447
2024-12-01,Rwamagana,B,-0.318
2015-03-01,Karongi,A,-0.533
2015-04-01,Karongi,A,-0.092
2015-05-01,Karongi,A,-0.353
2015-10-01,Karongi,B,0.112
2015-11-01,Karongi,B,1.029
2015-12-01,Karongi,B,-0.351
2016-03-01,Karongi,A,0.592
2016-04-01,Karongi,A,0.464
2016-05-01,Karongi,A,-0.223
2016-10-01,Karongi,B,0.021
2016-11-01,Karongi,B,0.644
2016-12-01,Karongi,B,-0.36
2017-03-01,Karongi,A,0.107
2017-04-01,Karongi,A,0.389
2017-05-01,Karongi,A,-0.394
2017-10-01,Karongi,B,0.511
2017-11-01,Karongi,B,0.224
2017-12-01,Karongi,B,0.127
2018-03-01,Karongi,A,-0.952
2018-04-01,Karongi,A,-0.075
2018-05-01,Karongi,A,0.963
2018-10-01,Karongi,B,-0.54
2018-11-01,Karongi,B,0.17
2018-12-01,Karongi,B,0.635
2019-03-01,Karongi,A,-1.021
2019-04-01,Karongi,A,-0.17
2019-05-01,Karongi,A,-0.827
2019-10-01,Karongi,B,-0.316
2019-11-01,Karongi,B,-0.808
2019-12-01,Karongi,B,0.196
2020-03-01,Karongi,A,0.328
2020-04-01,Karongi,A,0.201
2020-05-01,Karongi,A,0.298
2020-10-01,Karongi,B,-0.812
2020-11-01,Karongi,B,0.166
2020-12-01,Karongi,B,0.815
2021-03-01,Karongi,A,0.658
2021-04-01,Karongi,A,-0.183
2021-05-01,Karongi,A,-0.783
2021-10-01,Karongi,B,-0.728
2021-11-01,Karongi,B,-1.219
2021-12-01,Karongi,B,-0.949
2022-03-01,Karongi,A,-0.844
2022-04-01,Karongi,A,0.456
2022-05-01,Karongi,A,-0.085
2022-10-01,Karongi,B,-0.106
2022-11-01,Karongi,B,-0.78
2022-12-01,Karongi,B,0.194
2023-03-01,Karongi,A,-0.414
2023-04-01,Karongi,A,-1.131
2023-05-01,Karongi,A,-0.37
2023-10-01,Karongi,B,0.249
2023-11-01,Karongi,B,0.02
2023-12-01,Karongi,B,0.735
2024-03-01,Karongi,A,1.194
2024-04-01,Karongi,A,0.383
2024-05-01,Karongi,A,-0.427
2024-10-01,Karongi,B,0.029
2024-11-01,Karongi,B,0.085
2024-12-01,Karongi,B,-0.776
2015-03-01,Ngororero,A,-0.619
2015-04-01,Ngororero,A,-0.252
2015-05-01,Ngororero,A,-0.232
2015-10-01,Ngororero,B,-0.257
2015-11-01,Ngororero,B,-0.222
2015-12-01,Ngororero,B,-0.086
2016-03-01,Ngororero,A,0.781
2016-04-01,Ngororero,A,-0.073
2016-05-01,Ngororero,A,0.786
2016-10-01,Ngororero,B,0.079
2016-11-01,Ngororero,B,0.105
2016-12-01,Ngororero,B,0.318
2017-03-01,Ngororero,A,-0.314
2017-04-01,Ngororero,A,0.736
2017-05-01,Ngororero,A,0.209
2017-10-01,Ngororero,B,-0.719
2017-11-01,Ngororero,B,0.047
2017-12-01,Ngororero,B,-0.759
2018-03-01,Ngororero,A,-0.895
2018-04-01,Ngororero,A,-0.015
2018-05-01,Ngororero,A,-0.082
2018-10-01,Ngororero,B,0.248
2018-11-01,Ngororero,B,-0.439
2018-12-01,Ngororero,B,0.257
2019-03-01,Ngororero,A,0.426
2019-04-01,Ngororero,A,-1.177
2019-05-01,Ngororero,A,0.738
2019-10-01,Ngororero,B,-0.306
2019-11-01,Ngororero,B,0.339
2019-12-01,Ngororero,B,-0.068
2020-03-01,Ngororero,A,-0.019
2020-04-01,Ngororero,A,0.549
2020-05-01,Ngororero,A,-0.169
2020-10-01,Ngororero,B,-0.333
2020-11-01,Ngororero,B,-0.415
2020-12-01,Ngororero,B,-0.531
2021-03-01,Ngororero,A,-2.004
2021-04-01,Ngororero,A,0.257
2021-05-01,Ngororero,A,-0.208
2021-10-01,Ngororero,B,0.117
2021-11-01,Ngororero,B,-0.136
2021-12-01,Ngororero,B,-0.244
2022-03-01,Ngororero,A,0.581
2022-04-01,Ngororero,A,-0.439
2022-05-01,Ngororero,A,-0.9
2022-10-01,Ngororero,B,-0.039
2022-11-01,Ngororero,B,-0.32
2022-12-01,Ngororero,B,0.28
2023-03-01,Ngororero,A,0.378
2023-04-01,Ngororero,A,0.696
2023-05-01,Ngororero,A,-1.052
2023-10-01,Ngororero,B,0.013
2023-11-01,Ngororero,B,-0.611
2023-12-01,Ngororero,B,0.196
2024-03-01,Ngororero,A,0.319
2024-04-01,Ngororero,A,-0.417
2024-05-01,Ngororero,A,-0.155
2024-10-01,Ngororero,B,0.468
2024-11-01,Ngororero,B,-0.184
2024-12-01,Ngororero,B,0.309
2015-03-01,Nyabihu,A,-0.118
2015-04-01,Nyabihu,A,-0.174
2015-05-01,Nyabihu,A,-0.554
2015-10-01,Nyabihu,B,0.734
2015-11-01,Nyabihu,B,-0.223
2015-12-01,Nyabihu,B,-0.657
2016-03-01,Nyabihu,A,0.667
2016-04-01,Nyabihu,A,0.042
2016-05-01,Nyabihu,A,-0.364
2016-10-01,Nyabihu,B,-0.747
2016-11-01,Nyabihu,B,0.522
2016-12-01,Nyabihu,B,-0.123
2017-03-01,Nyabihu,A,0.113
2017-04-01,Nyabihu,A,-0.204
2017-05-01,Nyabihu,A,0.33
2017-10-01,Nyabihu,B,-0.087
2017-11-01,Nyabihu,B,0.432
2017-12-01,Nyabihu,B,0.314
2018-03-01,Nyabihu,A,0.354
2018-04-01,Nyabihu,A,0.168
2018-05-01,Nyabihu,A,-0.595
2018-10-01,Nyabihu,B,0.225
2018-11-01,Nyabihu,B,-0.27
2018-12-01,Nyabihu,B,0.07
2019-03-01,Nyabihu,A,-0.031
2019-04-01,Nyabihu,A,0.976
2019-05-01,Nyabihu,A,0.023
2019-10-01,Nyabihu,B,-0.494
2019-11-01,Nyabihu,B,0.596
2019-12-01,Nyabihu,B,0.728
2020-03-01,Nyabihu,A,-0.055
2020-04-01,Nyabihu,A,0.311
2020-05-01,Nyabihu,A,-0.499
2020-10-01,Nyabihu,B,0.064
2020-11-01,Nyabihu,B,0.055
2020-12-01,Nyabihu,B,-0.382
2021-03-01,Nyabihu,A,-0.846
2021-04-01,Nyabihu,A,0.298
2021-05-01,Nyabihu,A,-0.269
2021-10-01,Nyabihu,B,-1.58
2021-11-01,Nyabihu,B,-0.945
2021-12-01,Nyabihu,B,0.06
2022-03-01,Nyabihu,A,-0.084
2022-04-01,Nyabihu,A,-0.126
2022-05-01,Nyabihu,A,-0.423
2022-10-01,Nyabihu,B,-0.279
2022-11-01,Nyabihu,B,0.24
2022-12-01,Nyabihu,B,-1.059
2023-03-01,Nyabihu,A,0.081
2023-04-01,Nyabihu,A,0.235
2023-05-01,Nyabihu,A,-1.147
2023-10-01,Nyabihu,B,-0.041
2023-11-01,Nyabihu,B,0.53
2023-12-01,Nyabihu,B,0.303
2024-03-01,Nyabihu,A,1.234
2024-04-01,Nyabihu,A,0.297
2024-05-01,Nyabihu,A,-0.139
2024-10-01,Nyabihu,B,-0.008
2024-11-01,Nyabihu,B,-0.137
2024-12-01,Nyabihu,B,-0.376
2015-03-01,Nyamasheke,A,0.288
2015-04-01,Nyamasheke,A,-0.152
2015-05-01,Nyamasheke,A,-0.86
2015-10-01,Nyamasheke,B,0.092
2015-11-01,Nyamasheke,B,0.239
2015-12-01,Nyamasheke,B,0.51
2016-03-01,Nyamasheke,A,-0.016
2016-04-01,Nyamasheke,A,0.421
2016-05-01,Nyamasheke,A,-0.037
2016-10-01,Nyamasheke,B,1.236
2016-11-01,Nyamasheke,B,-0.06
2016-12-01,Nyamasheke,B,0.023
2017-03-01,Nyamasheke,A,0.14
2017-04-01,Nyamasheke,A,-0.319
2017-05-01,Nyamasheke,A,-0.506
2017-10-01,Nyamasheke,B,-0.251
2017-11-01,Nyamasheke,B,0.727
2017-12-01,Nyamasheke,B,0.58
2018-03-01,Nyamasheke,A,-0.015
2018-04-01,Nyamasheke,A,-0.067
2018-05-01,Nyamasheke,A,-0.031
2018-10-01,Nyamasheke,B,-0.131
2018-11-01,Nyamasheke,B,0.047
2018-12-01,Nyamasheke,B,-0.035
2019-03-01,Nyamasheke,A,0.18
2019-04-01,Nyamasheke,A,-0.359
2019-05-01,Nyamasheke,A,-0.544
2019-10-01,Nyamasheke,B,0.252
2019-11-01,Nyamasheke,B,0.637
2019-12-01,Nyamasheke,B,0.279
2020-03-01,Nyamasheke,A,0.096
2020-04-01,Nyamasheke,A,-0.804
2020-05-01,Nyamasheke,A,-0.043
2020-10-01,Nyamasheke,B,-0.178
2020-11-01,Nyamasheke,B,-0.064
2020-12-01,Nyamasheke,B,-0.235
2021-03-01,Nyamasheke,A,0.118
2021-04-01,Nyamasheke,A,-0.583
2021-05-01,Nyamasheke,A,-0.062
2021-10-01,Nyamasheke,B,0.745
2021-11-01,Nyamasheke,B,-0.114
2021-12-01,Nyamasheke,B,-0.3
2022-03-01,Nyamasheke,A,0.605
2022-04-01,Nyamasheke,A,0.286
2022-05-01,Nyamasheke,A,0.265
2022-10-01,Nyamasheke,B,-0.622
2022-11-01,Nyamasheke,B,-1.026
2022-12-01,Nyamasheke,B,-0.881
2023-03-01,Nyamasheke,A,0.023
2023-04-01,Nyamasheke,A,0.452
2023-05-01,Nyamasheke,A,0.142
2023-10-01,Nyamasheke,B,-0.403
2023-11-01,Nyamasheke,B,0.224
2023-12-01,Nyamasheke,B,-0.573
2024-03-01,Nyamasheke,A,0.002
2024-04-01,Nyamasheke,A,0.272
2024-05-01,Nyamasheke,A,0.82
2024-10-01,Nyamasheke,B,0.527
2024-11-01,Nyamasheke,B,0.36
2024-12-01,Nyamasheke,B,-0.401
2015-03-01,Rubavu,A,0.151
2015-04-01,Rubavu,A,0.066
2015-05-01,Rubavu,A,0.572
2015-10-01,Rubavu,B,-0.275
2015-11-01,Rubavu,B,-0.569
2015-12-01,Rubavu,B,0.475
2016-03-01,Rubavu,A,0.535
2016-04-01,Rubavu,A,-0.325
2016-05-01,Rubavu,A,-0.369
2016-10-01,Rubavu,B,0.364
2016-11-01,Rubavu,B,-0.417
2016-12-01,Rubavu,B,0.42
2017-03-01,Rubavu,A,-0.743
2017-04-01,Rubavu,A,0.784
2017-05-01,Rubavu,A,-0.261
2017-10-01,Rubavu,B,-0.275
2017-11-01,Rubavu,B,-0.153
2017-12-01,Rubavu,B,-0.335
2018-03-01,Rubavu,A,0.215
2018-04-01,Rubavu,A,-0.312
2018-05-01,Rubavu,A,0.546
2018-10-01,Rubavu,B,0.519
2018-11-01,Rubavu,B,-0.124
2018-12-01,Rubavu,B,0.453
2019-03-01,Rubavu,A,-1.096
2019-04-01,Rubavu,A,0.188
2019-05-01,Rubavu,A,-0.005
2019-10-01,Rubavu,B,0.204
2019-11-01,Rubavu,B,0.874
2019-12-01,Rubavu,B,-1.383
2020-03-01,Rubavu,A,-0.876
2020-04-01,Rubavu,A,0.024
2020-05-01,Rubavu,A,0.686
2020-10-01,Rubavu,B,0.652
2020-11-01,Rubavu,B,0.318
2020-12-01,Rubavu,B,0.733
2021-03-01,Rubavu,A,0.241
2021-04-01,Rubavu,A,-0.203
2021-05-01,Rubavu,A,-0.276
2021-10-01,Rubavu,B,-0.295
2021-11-01,Rubavu,B,0.005
2021-12-01,Rubavu,B,-0.818
2022-03-01,Rubavu,A,-0.708
2022-04-01,Rubavu,A,0.525
2022-05-01,Rubavu,A,-0.725
2022-10-01,Rubavu,B,-0.223
2022-11-01,Rubavu,B,-0.147
2022-12-01,Rubavu,B,-1.784
2023-03-01,Rubavu,A,-0.62
2023-04-01,Rubavu,A,-0.219
2023-05-01,Rubavu,A,0.019
2023-10-01,Rubavu,B,0.799
2023-11-01,Rubavu,B,0.327
2023-12-01,Rubavu,B,-0.317
2024-03-01,Rubavu,A,0.259
2024-04-01,Rubavu,A,-0.348
2024-05-01,Rubavu,A,0.26
2024-10-01,Rubavu,B,0.099
2024-11-01,Rubavu,B,0.039
2024-12-01,Rubavu,B,0.521
2015-03-01,Rusizi,A,-0.351
2015-04-01,Rusizi,A,-0.674
2015-05-01,Rusizi,A,-0.419
2015-10-01,Rusizi,B,-0.205
2015-11-01,Rusizi,B,0.792
2015-12-01,Rusizi,B,-0.186
2016-03-01,Rusizi,A,0.024
2016-04-01,Rusizi,A,-1.636
2016-05-01,Rusizi,A,0.604
2016-10-01,Rusizi,B,0.442
2016-11-01,Rusizi,B,-0.324
2016-12-01,Rusizi,B,-0.678
2017-03-01,Rusizi,A,0.283
2017-04-01,Rusizi,A,-0.282
2017-05-01,Rusizi,A,-0.061
2017-10-01,Rusizi,B,0.651
2017-11-01,Rusizi,B,0.907
2017-12-01,Rusizi,B,0.507
2018-03-01,Rusizi,A,-0.688
2018-04-01,Rusizi,A,1.182
2018-05-01,Rusizi,A,-0.488
2018-10-01,Rusizi,B,-0.474
2018-11-01,Rusizi,B,0.178
2018-12-01,Rusizi,B,0.318
2019-03-01,Rusizi,A,-0.734
2019-04-01,Rusizi,A,0.887
2019-05-01,Rusizi,A,-0.189
2019-10-01,Rusizi,B,0.139
2019-11-01,Rusizi,B,-0.129
2019-12-01,Rusizi,B,0.464
2020-03-01,Rusizi,A,-0.185
2020-04-01,Rusizi,A,1.163
2020-05-01,Rusizi,A,-0.331
2020-10-01,Rusizi,B,-0.493
2020-11-01,Rusizi,B,-1.006
2020-12-01,Rusizi,B,-0.393
2021-03-01,Rusizi,A,-0.989
2021-04-01,Rusizi,A,-0.13
2021-05-01,Rusizi,A,-0.341
2021-10-01,Rusizi,B,-0.582
2021-11-01,Rusizi,B,0.315
2021-12-01,Rusizi,B,-0.237
2022-03-01,Rusizi,A,0.046
2022-04-01,Rusizi,A,-0.526
2022-05-01,Rusizi,A,0.292
2022-10-01,Rusizi,B,-0.795
2022-11-01,Rusizi,B,0.51
2022-12-01,Rusizi,B,0.519
2023-03-01,Rusizi,A,-0.433
2023-04-01,Rusizi,A,-0.786
2023-05-01,Rusizi,A,0.672
2023-10-01,Rusizi,B,-0.642
2023-11-01,Rusizi,B,-0.007
2023-12-01,Rusizi,B,-0.785
2024-03-01,Rusizi,A,-0.597
2024-04-01,Rusizi,A,0.466
2024-05-01,Rusizi,A,-0.343
2024-10-01,Rusizi,B,0.722
2024-11-01,Rusizi,B,0.075
2024-12-01,Rusizi,B,0.185
2015-03-01,Rutsiro,A,-0.04
2015-04-01,Rutsiro,A,-0.741
2015-05-01,Rutsiro,A,0.162
2015-10-01,Rutsiro,B,-0.338
2015-11-01,Rutsiro,B,0.17
2015-12-01,Rutsiro,B,0.227
2016-03-01,Rutsiro,A,0.034
2016-04-01,Rutsiro,A,-0.048
2016-05-01,Rutsiro,A,-0.376
2016-10-01,Rutsiro,B,0.15
2016-11-01,Rutsiro,B,-0.175
2016-12-01,Rutsiro,B,-1.322
2017-03-01,Rutsiro,A,0.58
2017-04-01,Rutsiro,A,0.101
2017-05-01,Rutsiro,A,-0.789
2017-10-01,Rutsiro,B,-0.245
2017-11-01,Rutsiro,B,0.443
2017-12-01,Rutsiro,B,0.964
2018-03-01,Rutsiro,A,0.511
2018-04-01,Rutsiro,A,-0.63
2018-05-01,Rutsiro,A,-0.594
2018-10-01,Rutsiro,B,0.056
2018-11-01,Rutsiro,B,-0.236
2018-12-01,Rutsiro,B,-0.883
2019-03-01,Rutsiro,A,0.183
2019-04-01,Rutsiro,A,-0.071
2019-05-01,Rutsiro,A,0.757
2019-10-01,Rutsiro,B,-0.077
2019-11-01,Rutsiro,B,-0.038
2019-12-01,Rutsiro,B,-0.057
2020-03-01,Rutsiro,A,0.479
2020-04-01,Rutsiro,A,0.693
2020-05-01,Rutsiro,A,-0.209
2020-10-01,Rutsiro,B,-1.405
2020-11-01,Rutsiro,B,-1.212
2020-12-01,Rutsiro,B,0.068
2021-03-01,Rutsiro,A,0.013
2021-04-01,Rutsiro,A,-0.006
2021-05-01,Rutsiro,A,-0.379
2021-10-01,Rutsiro,B,-0.926
2021-11-01,Rutsiro,B,-0.881
2021-12-01,Rutsiro,B,0.128
2022-03-01,Rutsiro,A,-0.399
2022-04-01,Rutsiro,A,-1.14
2022-05-01,Rutsiro,A,-1.206
2022-10-01,Rutsiro,B,-0.749
2022-11-01,Rutsiro,B,0.115
2022-12-01,Rutsiro,B,0.596
2023-03-01,Rutsiro,A,-1.22
2023-04-01,Rutsiro,A,-0.697
2023-05-01,Rutsiro,A,0.81
2023-10-01,Rutsiro,B,-0.409
2023-11-01,Rutsiro,B,-0.659
2023-12-01,Rutsiro,B,-0.376
2024-03-01,Rutsiro,A,-0.24
2024-04-01,Rutsiro,A,-0.24
2024-05-01,Rutsiro,A,0.443
2024-10-01,Rutsiro,B,0.405
2024-11-01,Rutsiro,B,-0.335
2024-12-01,Rutsiro,B,0.487
